rank,niche,category,department,sales_added,shops,sales_per_shop,top_shop,top_shop_url,top_shop_added,top_shop_share,window_days,from_date,to_date
1,Backpacks,bags & purses > backpacks,bags & purses,2389,23,103.9,Lamoriea,https://www.etsy.com/shop/Lamoriea,839,0.351,2,2026-10-05,2026-10-07
2,Aprons,accessories > aprons,accessories,2351,42,56.0,CradleArtStore,https://www.etsy.com/shop/CradleArtStore,378,0.161,2,2026-10-05,2026-10-07
3,Patches & appliques,accessories > patches & appliques,accessories,1571,27,58.2,HungryBearDesigns,https://www.etsy.com/shop/HungryBearDesigns,427,0.272,2,2026-10-05,2026-10-07
4,Baby blankets,kids & baby > baby blankets,kids & baby,1128,18,62.7,HickoryMoments,https://www.etsy.com/shop/HickoryMoments,290,0.257,2,2026-10-05,2026-10-07
5,Toys,kids & baby > toys,kids & baby,680,17,40.0,KatemadePrintable,https://www.etsy.com/shop/KatemadePrintable,166,0.244,2,2026-10-05,2026-10-07
6,Hand fans,accessories > hand fans,accessories,617,28,22.0,CaSales,https://www.etsy.com/shop/CaSales,261,0.423,2,2026-10-05,2026-10-07
7,Baby gift sets,kids & baby > baby gift sets,kids & baby,610,12,50.8,LeylaPet,https://www.etsy.com/shop/LeylaPet,167,0.274,2,2026-10-05,2026-10-07
8,Hip bags,bags & purses > hip bags,bags & purses,548,31,17.7,natruyenshop,https://www.etsy.com/shop/natruyenshop,169,0.308,2,2026-10-05,2026-10-07
9,Artist trading cards,art & collectibles > artist trading cards,art & collectibles,476,18,26.4,ArtsypartyDesign,https://www.etsy.com/shop/ArtsypartyDesign,147,0.309,2,2026-10-05,2026-10-07
10,Door mats,home & living > floor & rugs > door mats,home & living,372,16,23.2,BlackButterflySigns,https://www.etsy.com/shop/BlackButterflySigns,66,0.177,2,2026-10-05,2026-10-07
