query,position,title,url,price,currency,shop_name,shop_url,rating_value,review_count,bestseller,star_seller,popular_now,etsys_pick,free_shipping,total_results
aprons,1,"Personalized Embroidered Apron with Name – Custom Gift for Cooking, Baking, or Craft Lovers, Housewarming Gift for Mommy and Me",https://www.etsy.com/listing/4390592550/personalized-embroidered-apron-with-name,12.4,$,VivifyCreationsUS,https://www.etsy.com/shop/VivifyCreationsUS,4.8,1600,False,False,True,False,True,159503
aprons,2,"Personalized Canvas Apron, Canvas Workshop Apron, Bartender's Apron, Embroidered Kitchen Apron, Barbeque Apron,  Bartender Apron, Chef Apron",https://www.etsy.com/listing/1742150722/personalized-canvas-apron-canvas,18.99,$,trendyhandmadestudio,https://www.etsy.com/shop/trendyhandmadestudio,4.9,2200,False,False,True,False,False,159503
aprons,3,"Custom Embroidered Apron with Name, Personalized Kitchen Apron, Cafe Barista Soft Uniform, Custom Cooking Aprons, Bakers Gift",https://www.etsy.com/listing/4495815266/custom-embroidered-apron-with-name,5.85,$,CustomBabeUSA,https://www.etsy.com/shop/CustomBabeUSA,4.5,1300,True,False,False,False,False,159503
aprons,4,"Personalized Striped Apron with Pockets, Embroidered Baking Kitchenwear",https://www.etsy.com/listing/4474496922/personalized-striped-apron-with-pockets,20.4,$,WWDesignStudioGifts,https://www.etsy.com/shop/WWDesignStudioGifts,4.8,927,False,False,True,False,True,159503
aprons,5,"Japanese Apron with pockets, Vintage Style Cooking Smock for Women, Small to Plus Size",https://www.etsy.com/listing/1042603482/japanese-apron-with-pockets-vintage,23.5,$,WilshireGoodsShop,https://www.etsy.com/shop/WilshireGoodsShop,4.9,9800,False,False,True,False,False,159503
aprons,6,"Personalized Hand Embroidered Apron,Custom Kitchen Apron,Embroidered with Name or Logo,Thoughtful Gift for Family or Friends",https://www.etsy.com/listing/4508440256/personalized-hand-embroidered,9.96,$,Glimshade,https://www.etsy.com/shop/Glimshade,4.7,374,False,False,True,False,False,159503
aprons,7,Cross back apron/cotton apron/artists apron/korean style apron/painters apron/ printers apron/ pinafore apron/ apron with pockets,https://www.etsy.com/listing/1103410407/cross-back-aproncotton-apronartists,27,$,CatePaperCo,https://www.etsy.com/shop/CatePaperCo,4.8,5300,False,False,True,False,False,159503
aprons,8,Custom Embroidered Text Apron - Personalized Apron With Name Or Logo - Monogramed Chef Apron - Birthday Aprons For Women,https://www.etsy.com/listing/4576228800/custom-embroidered-text-apron,39.01,$,KindWearly,https://www.etsy.com/shop/KindWearly,4.8,79,True,False,False,False,True,159503
aprons,10,"Custom Embroidered Logo Apron: Personalized Logo Gift, Restaurant, Barista, Your Business or Brand Logo, Team Logo Company Apron",https://www.etsy.com/listing/4560754931/custom-embroidered-logo-personalized,28.34,$,LoveStitchesCo,https://www.etsy.com/shop/LoveStitchesCo,4.9,12100,False,False,True,False,False,159503
aprons,11,"Personalized Embroidered Apron with Pockets， Custom Name Kitchen Cooking Apron for Women， Handmade Gift for Mom, Wife or Her",https://www.etsy.com/listing/4576281750/personalized-embroidered-apron-with,12.4,$,ValerieHeritageGoods,https://www.etsy.com/shop/ValerieHeritageGoods,5,10,False,False,False,False,True,159503
backpacks,1,Custom Embroidered Your Logo School Backpack - Personalized Business Backpack with Text or Logo - Laptop Bag for School - College Gift,https://www.etsy.com/listing/4562161445/custom-embroidered-your-logo-school,18.33,$,HKwoodwork,https://www.etsy.com/shop/HKwoodwork,4.9,1400,True,False,False,False,False,373168
backpacks,2,"Customized Oxford Fabric Laptop Backpack, Personalized Logo Work Bag, Tech Onboarding Backpack, Conference Travel Bag, Realtor Team Gift",https://www.etsy.com/listing/4550426677/customized-oxford-fabric-laptop-backpack,70,$,MOBILMOODS,https://www.etsy.com/shop/MOBILMOODS,4.8,631,False,False,False,False,True,373168
backpacks,3,Crazy Horse Leather Canvas Backpack: Personalized Travel Rucksack,https://www.etsy.com/listing/1283979508/crazy-horse-leather-canvas-backpack,87.6,$,olpr,https://www.etsy.com/shop/olpr,4.9,9700,True,False,False,False,True,373168
backpacks,4,"Custom Toddler Backpack, Personalized Backpacks With Name Gift, Children's School Bag for Girls Boys Kids Preschool",https://www.etsy.com/listing/4352004983/custom-toddler-backpack-personalized,10.5,$,BabyShowerBasket,https://www.etsy.com/shop/BabyShowerBasket,4.9,4300,False,False,True,False,False,373168
backpacks,5,"Custom Insulated Backpack Cooler, Personalized Golf Beer Cooler Bag, Gifts for Him, Groomsmen Proposal, Picnic Backpack, Father's Day Gift",https://www.etsy.com/listing/4512024466/custom-insulated-backpack-cooler,19.99,$,KanWallet,https://www.etsy.com/shop/KanWallet,4.8,123,False,False,True,False,False,373168
backpacks,6,"Personalized Toddler Backpack with Name, Custom Embroidered Corduroy Kids School Bag, Preschool Backpack, Birthday Gift for Kids",https://www.etsy.com/listing/4502979010/personalized-toddler-backpack-with-name,9.65,$,GetNestly,https://www.etsy.com/shop/GetNestly,5,909,False,False,True,False,False,373168
backpacks,7,Personalized Set - Backpack and Lunchbag - Back to School Gift - School Lunch Bag - Back to School - Kid Gift,https://www.etsy.com/listing/4350596583/personalized-set-backpack-and-lunchbag,13.81,$,MoonberryHandmade,https://www.etsy.com/shop/MoonberryHandmade,4.9,11100,False,False,True,False,False,373168
backpacks,8,Personalized Toddler Backpack • Kindergarten Gift • Back to School • Summer Camp Bag,https://www.etsy.com/listing/4415395864/personalized-toddler-backpack-kid-gift,18.89,$,TieDapperStudio,https://www.etsy.com/shop/TieDapperStudio,4.8,13200,False,False,True,False,False,373168
backpacks,9,"Canvas Sling Bag, Crossbody Travel Bag with Anti-Theft Pocket, Single Strap 11"" iPad Backpack, Chest Bag with Bottle Holder",https://www.etsy.com/listing/1363109328/canvas-sling-bag-crossbody-travel-bag,37.32,$,Shamguru,https://www.etsy.com/shop/Shamguru,4.9,817,True,False,False,False,True,373168
backpacks,10,Personalized Full Grain Leather 16 Inches Laptop Backpack Large Capacity Weekender Overnight Camping Travel Rucksack Mens Leather Backpack,https://www.etsy.com/listing/1808222415/personalized-full-grain-leather-16,159,$,SlowTimeLeatherShop,https://www.etsy.com/shop/SlowTimeLeatherShop,4.8,1500,True,False,False,False,True,373168
faux plants,1,Evelyn Faux Hanging Ivy Plant – Cascading Artificial Greenery for Indoors & Outdoors,https://www.etsy.com/listing/1889966228/evelyn-faux-hanging-ivy-plant-cascading,36,$,WaterFreeGreenery,https://www.etsy.com/shop/WaterFreeGreenery,4.6,141,False,False,False,False,True,51416
faux plants,2,"30in. Realistic Fake Pothos Plant with Removable White Pot, Silk Artificial Vine Ivy Plant for Home Decor, Desk Vines, Shelf Aesthetic (1pc)",https://www.etsy.com/listing/1376923602/30in-realistic-fake-pothos-plant-with,29.99,$,RetrogradetheLabel,https://www.etsy.com/shop/RetrogradetheLabel,4.8,99,False,False,False,False,False,51416
faux plants,3,"34"" Hanging Pothos - Artificial Plant - Dark Green",https://www.etsy.com/listing/1365984065/34-hanging-pothos-artificial-plant-dark,38.24,$,FlowerFairylandInc,https://www.etsy.com/shop/FlowerFairylandInc,4.9,24700,True,False,False,False,False,51416
faux plants,4,Artificial Ficus Tree with Natural Wood Trunk – Lifelike Silk Faux Potted Tree for Home and Office Decor,https://www.etsy.com/listing/4537498181/artificial-ficus-tree-with-natural-wood,24.99,$,TreesHP,https://www.etsy.com/shop/TreesHP,4.9,19,False,False,False,False,False,51416
faux plants,5,"Artificial Plants Set of 4, Tropical Faux Plants, Potted Artificial Greenery, Indoor Home Decor",https://www.etsy.com/listing/4571436653/artificial-plants-set-of-4-tropical-faux,70.25,$,MaisonElyvane,https://www.etsy.com/shop/MaisonElyvane,1,1,False,False,False,False,True,51416
faux plants,6,4 Pack Fake Plants Mini Artificial Greenery Potted Plants for Home Decor Indoor Office Table Room Farmhouse Bathroom Decor,https://www.etsy.com/listing/1906130767/4-pack-fake-plants-mini-artificial,36.24,$,AlphaSixShop,https://www.etsy.com/shop/AlphaSixShop,4.6,244,False,False,False,False,True,51416
faux plants,7,"Artificial Olive Tree, Tall Indoor Fake Plant with Realistic Trunk, Leaves, Fruits and Planter, Faux Potted Tree for Home Decor Bedroom",https://www.etsy.com/listing/4424068576/artificial-olive-tree-tall-indoor-fake,69.99,$,Boraboyornaments,https://www.etsy.com/shop/Boraboyornaments,4.9,811,False,False,False,False,True,51416
faux plants,8,Faux Moss - Artificial Plant - Green,https://www.etsy.com/listing/1750084916/faux-moss-artificial-plant-green,7.64,$,FlowerFairylandInc,https://www.etsy.com/shop/FlowerFairylandInc,4.9,24700,True,False,False,False,False,51416
faux plants,9,Artificial Trailing Vine Plant | Faux Greenery in Black Pot (25-35 Inch),https://www.etsy.com/listing/4576096150/artificial-trailing-vine-plant-faux,19.32,$,AlsirajCrafts,https://www.etsy.com/shop/AlsirajCrafts,,,False,False,False,False,True,51416
faux plants,10,50 Pack: Assorted Realistic Faux Succulents - Bulk Aloe Plants,https://www.etsy.com/listing/1144414524/50-pack-assorted-realistic-faux,59.99,$,SucculentsSuperstore,https://www.etsy.com/shop/SucculentsSuperstore,4.8,893,False,False,False,False,False,51416
patches,1,"Custom Embroidered Logo Patch: Iron On, Sew On, or Hook & Loop",https://www.etsy.com/listing/4382562855/custom-embroidered-logo-patch-iron-on,6.99,$,CustomPatchesTX,https://www.etsy.com/shop/CustomPatchesTX,4.9,8700,False,False,True,False,False,1314809
patches,2,"CUSTOM Embroidered Patch - Up To 11"" - Iron/Sew-on/Hook - Personalized Business Logo - Your Design for Gifts Art Projects Bags Hats Clothing",https://www.etsy.com/listing/853701139/custom-embroidered-patch-up-to-11,4.43,$,HungryBearDesigns,https://www.etsy.com/shop/HungryBearDesigns,4.9,25500,False,False,True,False,False,1314809
patches,3,"Custom Embroidered Patch – Upload Your Logo, Name or Quote | Iron On, Sew On, Hook & Loop Velcro Patches for Hat, Jacket, Backpack, Gift",https://www.etsy.com/listing/4338760332/custom-embroidered-patch-upload-your,3.59,$,ThePeelLab,https://www.etsy.com/shop/ThePeelLab,4.8,4100,False,False,True,False,False,1314809
patches,4,"Custom Embroidered Name Patch – Personalized Text Patches | Team Patches Iron-On, Sew-On, Hook & Loop | For Jackets, Hats, Uniforms, Bags",https://www.etsy.com/listing/4344461677/custom-embroidered-name-patch,4.32,$,BlueHeronSales,https://www.etsy.com/shop/BlueHeronSales,4.8,7000,False,False,True,False,True,1314809
patches,5,Custom Embroidered Patch | Team Logo Uniform Patch | Personalized Iron On,https://www.etsy.com/listing/4372442571/custom-embroidered-patch-team-logo,0.98,$,PatchnestCo,https://www.etsy.com/shop/PatchnestCo,4.9,2300,False,False,True,False,False,1314809
patches,6,"Custom Embroidered Patch | Personalized Logo Patches | Sew on, Iron on, Hook & Loop",https://www.etsy.com/listing/4482871424/custom-embroidered-patch-personalized,0.99,$,PurPatches,https://www.etsy.com/shop/PurPatches,4.9,1300,False,False,True,False,False,1314809
patches,9,"Custom Embroidered Name Patches | Personalized Text, Colors, Shapes (Iron-On, Sew-On)",https://www.etsy.com/listing/4364352051/custom-embroidered-name-patch-iron-on-or,1.22,$,PatchDreamsStudio,https://www.etsy.com/shop/PatchDreamsStudio,4.8,660,False,False,True,False,False,1314809
patches,10,Custom Engraved Logo or Name Faux & Real Leather Iron-On Patch |  Bulk Discounts,https://www.etsy.com/listing/4417792897/custom-engraved-logo-or-name-faux,2.25,$,gritngrainengraving,https://www.etsy.com/shop/gritngrainengraving,5,1100,False,False,True,False,False,1314809
patches,11,Custom Tactical Logo Patch | Embroidered Uniform Patch | Hook & Loop,https://www.etsy.com/listing/4371798269/embroidered-logo-patch-custom-business,6.99,$,PatchnestCo,https://www.etsy.com/shop/PatchnestCo,4.9,2300,False,False,True,False,False,1314809
patches,11,"Custom Embroidered Logo Patch, Personalized Team Patches, Iron On/Sew On Applique",https://www.etsy.com/listing/4563551674/custom-embroidered-logo-patch,0.93,$,DecoDarlingsUS,https://www.etsy.com/shop/DecoDarlingsUS,4.8,341,False,False,True,False,False,1314809
pet storage,1,"Personalized Dog Toy Basket with Name,Pet Storage Bin for Toys Treats & Accessories,Custom Pet Storage Organizer Bin",https://www.etsy.com/listing/4528798067/personalized-dog-toy-basket-with-namepet,11.8,$,PeachBlossomAU,https://www.etsy.com/shop/PeachBlossomAU,4.8,3900,False,False,True,False,True,49183
pet storage,2,"Personalized Dog Treat Container, Wall Mounted for Indoor & Outdoor Storage, Dog Lover Gift",https://www.etsy.com/listing/4536750011/personalized-dog-treat-bin-wall-mounted,21.95,$,PETWERKZ,https://www.etsy.com/shop/PETWERKZ,5,225,True,False,False,False,False,49183
pet storage,3,"Personalized Pet Toy Basket, Custom Pet Storage Basket, Pet Lover Gift with Name, Cozy Bed for Small Pets, Handmade Gifts for Dogs & Cats",https://www.etsy.com/listing/4557303774/personalized-pet-toy-basket-custom-pet,12.89,$,AshleyRoseCraftsCo,https://www.etsy.com/shop/AshleyRoseCraftsCo,4.9,140,True,False,False,False,False,49183
pet storage,4,"Personalized Cat Toy Basket with Name, Wooden Cat Toy Box with Rotating Handle, Custom Cat Toy Storage, Engraved Gift for Cat Lovers",https://www.etsy.com/listing/4584393450/personalized-cat-toy-basket-with-name,11.7,$,BluebirdQ,https://www.etsy.com/shop/BluebirdQ,4.8,1300,False,False,False,False,False,49183
pet storage,6,"Custom Dog Toy Basket: New Puppy Gift, Personalized Pet Storage Box",https://www.etsy.com/listing/4508993315/custom-dog-toy-basket-personalized-pet,12.88,$,NameliGifts,https://www.etsy.com/shop/NameliGifts,4.9,41,True,False,False,False,False,49183
pet storage,7,"Personalized Dog Toy Basket - Corduroy Pet Organizer with Name, Gift for New Dog Owners",https://www.etsy.com/listing/4496510643/personalized-dog-toy-basket-corduroy-pet,11.67,$,WhisperUKR,https://www.etsy.com/shop/WhisperUKR,4.8,2100,False,False,True,False,False,49183
pet storage,8,"Personalised Pet Toy Basket, Custom Dog Name Storage Bin, Woven Rope Puppy Toy Organiser, New Pet Owner Gift",https://www.etsy.com/listing/4565907240/personalised-pet-toy-basket-custom-dog,13.82,$,SolterraStudioGB,https://www.etsy.com/shop/SolterraStudioGB,4.3,12,True,False,False,False,False,49183
pet storage,9,"Personalised Dog Toy Basket, Custom Pet Name Rope Storage, Puppy Toy Organiser, Dog Mum Gift, Pet Room Decor",https://www.etsy.com/listing/4565876875/personalised-dog-toy-basket-custom-pet,17.28,$,StillLightWorks,https://www.etsy.com/shop/StillLightWorks,4.8,125,False,False,False,False,False,49183
pet storage,10,Personalized Galvanized Metal Dog Toy Bin – Rustic Farmhouse Decor,https://www.etsy.com/listing/4398840662/personalized-galvanized-metal-dog-toy,21.99,$,ChilledDesigns,https://www.etsy.com/shop/ChilledDesigns,4.9,5100,True,False,False,False,True,49183
pet storage,11,Personalized Pet Toy Basket | Custom Cotton Rope Storage,https://www.etsy.com/listing/1881123587/personalized-basket-pet-toy-box-dog-toy,21.99,$,EtherealEssenceArtCo,https://www.etsy.com/shop/EtherealEssenceArtCo,4.9,8900,False,False,True,False,False,49183
