rank,shop_name,shop_url,category,sales_added,sales_before,sales_total,pct_added,window_days,from_date,to_date
1,GrannysClothesline,https://www.etsy.com/shop/GrannysClothesline,,215,1518,1733,14.16,2,2026-10-06,2026-10-08
2,IzuviaMagic,https://www.etsy.com/shop/IzuviaMagic,,284,2956,3240,9.61,2,2026-10-06,2026-10-08
3,AlinaRituals,https://www.etsy.com/shop/AlinaRituals,,183,1939,2122,9.44,2,2026-10-06,2026-10-08
4,PokeVerseStudio,https://www.etsy.com/shop/PokeVerseStudio,,101,1121,1222,9.01,2,2026-10-06,2026-10-08
5,ChelsysCabret,https://www.etsy.com/shop/ChelsysCabret,,96,1503,1599,6.39,2,2026-10-06,2026-10-08
6,CampusStitchCo,https://www.etsy.com/shop/CampusStitchCo,,69,1152,1221,5.99,2,2026-10-06,2026-10-08
7,ItsGigil,https://www.etsy.com/shop/ItsGigil,,75,1266,1341,5.92,2,2026-10-06,2026-10-08
8,Linneacrochetshop,https://www.etsy.com/shop/Linneacrochetshop,,187,3190,3377,5.86,2,2026-10-06,2026-10-08
9,CrochetHavenpattern,https://www.etsy.com/shop/CrochetHavenpattern,,78,1331,1409,5.86,2,2026-10-06,2026-10-08
10,SevenBlankieBuds,https://www.etsy.com/shop/SevenBlankieBuds,,65,1125,1190,5.78,2,2026-10-06,2026-10-08
