rank,category,department,shops_moving,total_7d_delta,median_7d_delta,shops_in_top50,top_shop,top_shop_url,top_shop_7d_delta
1,bags & purses > backpacks,bags & purses,27,6252,47,6,Lamoriea,https://www.etsy.com/shop/Lamoriea,2034
2,accessories > aprons,accessories,37,5313,57,7,CradleArtStore,https://www.etsy.com/shop/CradleArtStore,827
3,accessories > patches & appliques,accessories,21,4002,133,6,HungryBearDesigns,https://www.etsy.com/shop/HungryBearDesigns,825
4,kids & baby > games & puzzles,kids & baby,19,2749,105,3,Tyucustomgifts,https://www.etsy.com/shop/Tyucustomgifts,534
5,bath & beauty > fragrances,bath & beauty,20,2250,60,3,ShopAfroCosmetics,https://www.etsy.com/shop/ShopAfroCosmetics,602
6,home & living > home decor > faux plants & greenery,home & living,8,2165,85,2,JoycieLaneDesigns,https://www.etsy.com/shop/JoycieLaneDesigns,1132
7,bags & purses > pouches & coin purses,bags & purses,22,2087,78,2,GrandiUa,https://www.etsy.com/shop/GrandiUa,284
8,pet supplies > pet storage,pet supplies,7,1820,128,2,GetNestly,https://www.etsy.com/shop/GetNestly,719
9,accessories > hand fans,accessories,15,1619,77,1,CaSales,https://www.etsy.com/shop/CaSales,654
10,bags & purses > totes,bags & purses,9,1569,154,3,SelineLounge,https://www.etsy.com/shop/SelineLounge,462
11,bags & purses > market bags,bags & purses,21,1405,79,0,MeMotherEarth,https://www.etsy.com/shop/MeMotherEarth,138
12,art & collectibles > artist trading cards,art & collectibles,14,1300,71,2,ArtsypartyDesign,https://www.etsy.com/shop/ArtsypartyDesign,263
13,bags & purses > hip bags,bags & purses,27,1247,39,0,natruyenshop,https://www.etsy.com/shop/natruyenshop,139
14,kids & baby > toys,kids & baby,13,1130,54,2,ZuzuPuzzle,https://www.etsy.com/shop/ZuzuPuzzle,228
15,kids & baby > baby gift sets,kids & baby,8,976,107,2,HappyHyggeGifts,https://www.etsy.com/shop/HappyHyggeGifts,317
16,art & collectibles > fine art ceramics,art & collectibles,24,964,47,0,StonehousePotteryOH,https://www.etsy.com/shop/StonehousePotteryOH,91
17,kids & baby > children's books,kids & baby,4,905,187,2,CozyHomeGoodsStore,https://www.etsy.com/shop/CozyHomeGoodsStore,509
18,accessories > collars,accessories,15,882,45,1,prettylaceshop,https://www.etsy.com/shop/prettylaceshop,265
19,pet supplies > horse riding & farm animals,pet supplies,12,844,29,1,PawTagDesign,https://www.etsy.com/shop/PawTagDesign,315
20,home & living > home decor > scatter cushions,home & living,11,769,49,1,modocreative,https://www.etsy.com/shop/modocreative,229
21,kids & baby > baby blankets,kids & baby,4,755,137,1,SwaddleAn,https://www.etsy.com/shop/SwaddleAn,471
22,accessories > umbrellas & rain accessories,accessories,16,735,41,0,KateMcEnroeNYC,https://www.etsy.com/shop/KateMcEnroeNYC,122
23,home & living > home decor > clocks,home & living,10,657,53,0,mrcwoodproducts,https://www.etsy.com/shop/mrcwoodproducts,189
24,jewellery > cremation & memorial jewellery,jewellery,7,655,110,0,NuvoeStore,https://www.etsy.com/shop/NuvoeStore,168
25,home & living > home decor > mirrors,home & living,8,511,34,1,LifetimeCreations,https://www.etsy.com/shop/LifetimeCreations,304
26,home & living > floor & rugs > rugs,home & living,7,451,74,0,Craftsmanrugs,https://www.etsy.com/shop/Craftsmanrugs,182
27,pet supplies > pet gates & fences,pet supplies,11,323,12,0,Printbyme,https://www.etsy.com/shop/Printbyme,86
28,jewellery > smart jewellery,jewellery,5,317,56,0,gobandzus,https://www.etsy.com/shop/gobandzus,117
29,home & living > floor & rugs > door mats,home & living,7,311,38,0,CustomAcrylicBoards,https://www.etsy.com/shop/CustomAcrylicBoards,94
30,jewellery > jewellery sets,jewellery,7,247,21,0,DarethColburnDesigns,https://www.etsy.com/shop/DarethColburnDesigns,75
31,home & living > home decor > indoor planters,home & living,3,227,77,0,JulietReevesDesigns,https://www.etsy.com/shop/JulietReevesDesigns,138
32,home & living > kitchen & dining > small kitchen appliances,home & living,6,214,18,0,OlsenTrademarks,https://www.etsy.com/shop/OlsenTrademarks,110
33,"books, films & music > video cases & tins","books, films & music",2,213,106,1,ninazhere,https://www.etsy.com/shop/ninazhere,208
34,bags & purses > messenger bags,bags & purses,3,208,68,0,LinkCollective,https://www.etsy.com/shop/LinkCollective,94
35,bath & beauty > essential oils,bath & beauty,3,202,30,0,MaggiesFarmAromatics,https://www.etsy.com/shop/MaggiesFarmAromatics,156
36,pet supplies > beekeeping,pet supplies,3,184,84,0,LittleLarueApiary,https://www.etsy.com/shop/LittleLarueApiary,91
37,bags & purses > nappy bags,bags & purses,4,169,49,0,OkraShop,https://www.etsy.com/shop/OkraShop,65
38,electronics & accessories > telephones & handsets,electronics & accessories,3,140,51,0,TreasuresMemories,https://www.etsy.com/shop/TreasuresMemories,77
39,home & living > home decor > mobiles,home & living,3,131,30,0,SmahusAtelje,https://www.etsy.com/shop/SmahusAtelje,91
40,"books, films & music > films","books, films & music",4,128,28,0,SkyeMallCo,https://www.etsy.com/shop/SkyeMallCo,65
41,electronics & accessories > diy kits,electronics & accessories,2,77,38,0,GingersMercantile,https://www.etsy.com/shop/GingersMercantile,75
42,home & living > home decor > fireplace screens,home & living,4,77,17,0,FORGEandFOUNDRYCo,https://www.etsy.com/shop/FORGEandFOUNDRYCo,40
43,electronics & accessories > gadgets,electronics & accessories,4,65,10,0,3DMcPrintface,https://www.etsy.com/shop/3DMcPrintface,42
44,home & living > home decor > chair pads,home & living,4,65,18,0,BicoEstonia,https://www.etsy.com/shop/BicoEstonia,24
45,home & living > lighting > ceiling fans,home & living,2,58,29,0,LampGoods,https://www.etsy.com/shop/LampGoods,56
46,home & living > floor & rugs > flooring & tile,home & living,1,5,5,0,PARQUETPALACE,https://www.etsy.com/shop/PARQUETPALACE,5
