rank,shop_name,shop_url,category,sales_7d_delta,sales_total,gain_pct_of_lifetime,days_observed
1,WarungBeads,https://www.etsy.com/shop/WarungBeads,unknown,7471,1674304,0.45,3
2,SeedCult,https://www.etsy.com/shop/SeedCult,unknown,4984,1030098,0.48,2
3,SilverRainSilver,https://www.etsy.com/shop/SilverRainSilver,unknown,4545,2192785,0.21,3
4,CuteLittleFabricShop,https://www.etsy.com/shop/CuteLittleFabricShop,unknown,3584,698535,0.51,2
5,CreationCraftStudio,https://www.etsy.com/shop/CreationCraftStudio,unknown,3490,632850,0.55,2
6,OuferJewelry,https://www.etsy.com/shop/OuferJewelry,unknown,3325,738804,0.45,3
7,Beadboat1,https://www.etsy.com/shop/Beadboat1,unknown,3318,2342097,0.14,2
8,MJsOffTheHookDesigns,https://www.etsy.com/shop/MJsOffTheHookDesigns,unknown,3234,564157,0.57,2
9,JennyKitchenShop,https://www.etsy.com/shop/JennyKitchenShop,unknown,2772,177782,1.56,2
10,DesignInYourHeart25,https://www.etsy.com/shop/DesignInYourHeart25,unknown,2356,146348,1.61,2
