query,position,title,url,price,currency,shop_name,shop_url,rating_value,review_count,review_count_approx,bestseller,star_seller,popular_now,etsys_pick,free_shipping,is_ad,total_results,run_id
ceramic mug,1,"Custom Name Blue Striped Ceramic Travel Mug with Lid, Handmade Ceramic Mug, Ceramic To Go Mug, Travel Mug, Ceramic Tumbler, Birthday Gift",https://www.etsy.com/listing/4433701306/custom-name-blue-striped-ceramic-travel,28.6,$,ClayHueMugs,https://www.etsy.com/shop/ClayHueMugs,4.9,155,False,False,True,True,False,False,True,1309285,5jf38ytVjcPMi7nm3
ceramic mug,2,Handmade Ceramic Mug - Large Size,https://www.etsy.com/listing/1371848548/handmade-ceramic-mug-large-size,35,$,Neherpottery,https://www.etsy.com/shop/Neherpottery,5,3900,True,True,True,False,False,True,True,1309285,5jf38ytVjcPMi7nm3
ceramic mug,3,The Libby Travel Mug hand thrown ceramic mug cup Pottery Travel Mug Cup with attached lid fits in cup holder,https://www.etsy.com/listing/1510223855/the-libby-travel-mug-hand-thrown-ceramic,34.99,$,StonehousePotteryOH,https://www.etsy.com/shop/StonehousePotteryOH,4.9,16800,True,False,False,True,False,False,False,1309285,5jf38ytVjcPMi7nm3
ceramic mug,4,Handmade Ceramic Thumb Cup - Thumb Indent Wine or Coffee To-Go Cup - Unique Gift - Ceramic Tumbler - Tea Cup,https://www.etsy.com/listing/4435633357/handmade-ceramic-thumb-cup-thumb-indent,23,$,JordanJeanCeramics,https://www.etsy.com/shop/JordanJeanCeramics,5,84,False,True,True,False,False,False,False,1309285,5jf38ytVjcPMi7nm3
ceramic mug,5,Coffee Mug - KJ Pottery,https://www.etsy.com/listing/4296141840/coffee-mug-kj-pottery,57,$,KJPottery,https://www.etsy.com/shop/KJPottery,4.9,3500,True,True,True,False,False,True,True,1309285,5jf38ytVjcPMi7nm3
ceramic mug,6,Handmade Ceramic Coffee Mug: Porcelain Espresso Cup,https://www.etsy.com/listing/837615700/handmade-ceramic-coffee-mug-large,35.62,$,BZceramics,https://www.etsy.com/shop/BZceramics,4.9,1600,True,False,True,True,False,False,True,1309285,5jf38ytVjcPMi7nm3
ceramic mug,7,Handmade Ceramic Travel Tumbler – Stoneware Mug with Pressed Leaves,https://www.etsy.com/listing/223435012/handmade-ceramic-travel-tumbler,46,$,3PointsPottery,https://www.etsy.com/shop/3PointsPottery,4.9,4200,True,True,True,False,False,True,False,1309285,5jf38ytVjcPMi7nm3
ceramic mug,8,"Handmade Stoneware Coffee Mug: 14 oz, Nichols Pottery",https://www.etsy.com/listing/677424431/handmade-stoneware-coffee-mug-14-oz,26.95,$,EarthenFirePottery,https://www.etsy.com/shop/EarthenFirePottery,4.9,5600,True,True,False,False,False,False,False,1309285,5jf38ytVjcPMi7nm3
ceramic mug,9,16 ounce Travel Tumbler – Ceramic Stoneware Pottery Drinkware - Built in Lid,https://www.etsy.com/listing/4319131483/travel-tumbler-16oz-drinking-tumbler,33.5,$,BayPotteryandGifts,https://www.etsy.com/shop/BayPotteryandGifts,4.9,943,False,False,True,True,False,False,False,1309285,5jf38ytVjcPMi7nm3
ceramic mug,10,"Solstice Mug: Handmade Pottery Mug with Sun Design, Ceramic Coffee Cup in a Variety of Colors",https://www.etsy.com/listing/1702915637/solstice-mug-handmade-pottery-mug-with,38.75,$,ShorProducts,https://www.etsy.com/shop/ShorProducts,5,1100,True,True,True,False,False,False,False,1309285,5jf38ytVjcPMi7nm3
ceramic mug,11,"Vintage Stoneware Coffee Mug, Handmade Japandi Pottery Cup, Rustic Ceramic Tea Mug, Wabi-Sabi Boho Home Decor",https://www.etsy.com/listing/4448501401/vintage-stoneware-coffee-mug-handmade,15.2,$,OceanAndLake,https://www.etsy.com/shop/OceanAndLake,4.7,91,False,False,False,True,False,False,True,1309285,5jf38ytVjcPMi7nm3
ceramic mug,12,Astral Bloom Mug 16oz,https://www.etsy.com/listing/4543380679/astral-bloom-mug-16oz,18.74,$,NovaCeramicsCo,https://www.etsy.com/shop/NovaCeramicsCo,4.8,1900,True,False,False,True,False,True,True,1309285,5jf38ytVjcPMi7nm3
ceramic mug,13,"Ceramic Floral Travel Mug, Hand-Painted Flowers Pottery Tumbler with Lid, To Go Mug, Ice Coffee Cup, Graduation Gift, Unique Gift for Her",https://www.etsy.com/listing/4508919868/ceramic-floral-travel-mug-hand-painted,32.62,$,ThienCeramicArtShop,https://www.etsy.com/shop/ThienCeramicArtShop,4.9,341,False,False,True,True,False,False,False,1309285,5jf38ytVjcPMi7nm3
ceramic mug,14,Handmade Ceramic Travel Mug / Ceramic To-go mug /  12 oz Pottery Tumbler /,https://www.etsy.com/listing/1843367167/handmade-ceramic-travel-mug-ceramic-to,35,$,AdoreCeramicShop,https://www.etsy.com/shop/AdoreCeramicShop,4.9,245,False,True,True,False,False,False,False,1309285,5jf38ytVjcPMi7nm3
ceramic mug,15,"Striped Ceramic Mug, Hand Painted Colorful Coffee Mug, Handmade Rainbow Mug, Unique Artisan Coffee Cup, Whimsical Mug",https://www.etsy.com/listing/4567166891/colorful-striped-ceramic-mug-set-hand,37.49,$,DesignWorksAtelierCo,https://www.etsy.com/shop/DesignWorksAtelierCo,5,5,False,False,False,False,False,True,True,1309285,5jf38ytVjcPMi7nm3
ceramic mug,16,"Custom Ceramic Mug, Personalized Name Coffee Cup,  Customize Text Mugs, 11oz or 15oz Gift",https://www.etsy.com/listing/4385436268/personalized-ceramic-coffee-mug-tea-cup,5.07,$,VisionCustomTee,https://www.etsy.com/shop/VisionCustomTee,4.9,5800,True,False,True,True,False,False,True,1309285,5jf38ytVjcPMi7nm3
ceramic mug,17,"Handmade Ceramic Travel Mug with Sip Lid, Stoneware Coffee Tumbler, Pottery Gift",https://www.etsy.com/listing/4544291854/handmade-ceramic-travel-mug-with-sip-lid,35.32,$,EmbermadeBoutique,https://www.etsy.com/shop/EmbermadeBoutique,4.6,16,False,True,False,False,False,True,False,1309285,5jf38ytVjcPMi7nm3
ceramic mug,18,"Cozy Floral Grid Ceramic Travel Mug with Lid, Ceramic Coffee Mug, Ceramic Travel Mug Half Lid, Birthday Gift for Her",https://www.etsy.com/listing/4440621184/cozy-floral-grid-ceramic-travel-mug-with,28.01,$,handicraftJackson,https://www.etsy.com/shop/handicraftJackson,5,70,False,True,True,False,False,False,False,1309285,5jf38ytVjcPMi7nm3
ceramic mug,19,"Handcrafted Ceramic Travel Mug with Sip Lid | Gift for Dad & Husband | Handle-Free Artisan Cup | Gift for Coffee, Tea Lovers",https://www.etsy.com/listing/4425554898/handcrafted-ceramic-travel-mug-with-sip,29.92,$,SeoulRemedy,https://www.etsy.com/shop/SeoulRemedy,5,31,False,True,False,False,False,False,False,1309285,5jf38ytVjcPMi7nm3
ceramic mug,20,"Floral Grid Ceramic Travel Mug with Lid, Handmade Ceramic Mug, Ceramic To Go Mug, Pottery Travel mug, Ceramic Tumbler, Birthday Gift",https://www.etsy.com/listing/4433189124/floral-grid-ceramic-travel-mug-with-lid,28.6,$,ClayHueMugs,https://www.etsy.com/shop/ClayHueMugs,4.9,155,False,False,True,True,False,False,False,1309285,5jf38ytVjcPMi7nm3
