rank,shop_name,shop_url,category,sales_7d_delta,cut_date
1,Lamoriea,https://www.etsy.com/shop/Lamoriea,bags & purses > backpacks,2034,2026-10-07
2,MoonberryHandmade,https://www.etsy.com/shop/MoonberryHandmade,bags & purses > backpacks,1196,2026-10-07
3,JoycieLaneDesigns,https://www.etsy.com/shop/JoycieLaneDesigns,home & living > home decor > faux plants & greenery,1132,2026-10-07
4,PersonalizationMall,https://www.etsy.com/shop/PersonalizationMall,bags & purses > backpacks,862,2026-10-07
5,CradleArtStore,https://www.etsy.com/shop/CradleArtStore,accessories > aprons,827,2026-10-07
6,HungryBearDesigns,https://www.etsy.com/shop/HungryBearDesigns,accessories > patches & appliques,825,2026-10-07
7,GetNestly,https://www.etsy.com/shop/GetNestly,pet supplies > pet storage,719,2026-10-07
8,A1GraphicsLtd,https://www.etsy.com/shop/A1GraphicsLtd,accessories > aprons,706,2026-10-07
9,PeachBlossomAU,https://www.etsy.com/shop/PeachBlossomAU,pet supplies > pet storage,670,2026-10-07
10,CaSales,https://www.etsy.com/shop/CaSales,accessories > hand fans,654,2026-10-07
